id,status,project_id,user_id
9223372036854775806,OWNER,9223372036854775806,9223372036854775803
9223372036854775805,OWNER,9223372036854775805,9223372036854775804
9223372036854775804,OWNER,9223372036854775804,9223372036854775803
9223372036854775803,OWNER,9223372036854775803,9223372036854775804
9223372036854775802,OWNER,9223372036854775802,9223372036854775803
9223372036854775801,OWNER,9223372036854775801,9223372036854775804
9223372036854775800,OWNER,9223372036854775800,9223372036854775803
9223372036854775799,OWNER,9223372036854775799,9223372036854775804
9223372036854775798,OWNER,9223372036854775798,9223372036854775803
9223372036854775797,MANAGER,9223372036854775805,9223372036854775804
9223372036854775796,GRADUATE_WORK,9223372036854775804,9223372036854775806
9223372036854775795,MANAGER,9223372036854775804,9223372036854775804
9223372036854775794,PARTICIPANT,9223372036854775803,9223372036854775806
9223372036854775793,PARTICIPANT,9223372036854775803,9223372036854775805
9223372036854775792,MANAGER,9223372036854775802,9223372036854775804
9223372036854775791,MANAGER,9223372036854775801,9223372036854775804
9223372036854775790,PARTICIPANT,9223372036854775801,9223372036854775806
9223372036854775789,MANAGER,9223372036854775800,9223372036854775804
9223372036854775788,PARTICIPANT,9223372036854775800,9223372036854775805

